{"cameraMode":{"drawMode":0,"name":"Shaded","section":"Shading Mode"},"sceneLighting":false,"audioPlay":false,"sceneViewState":{"showFog":true,"showMaterialUpdate":false,"showSkybox":true,"showFlares":true,"showImageEffects":true,"showParticleSystems":true},"in2DMode":false,"pivot":{"x":96.37620544433594,"y":40.862022399902347,"z":117.9488754272461},"rotation":{"x":0.29740551114082339,"y":-0.10570074617862702,"z":0.03314824774861336,"w":0.9483029842376709},"size":8.916241645812989,"orthographic":false}