{"cameraMode":{"drawMode":0,"name":"Shaded","section":"Shading Mode"},"sceneLighting":false,"audioPlay":false,"sceneViewState":{"showFog":true,"showMaterialUpdate":false,"showSkybox":true,"showFlares":true,"showImageEffects":true,"showParticleSystems":true},"in2DMode":false,"pivot":{"x":71.4000015258789,"y":42.01599884033203,"z":82.4000015258789},"rotation":{"x":0.2547965943813324,"y":-0.5977887511253357,"z":0.20837274193763734,"w":0.7309638261795044},"size":63.272315979003909,"orthographic":false}