{"cameraMode":{"drawMode":0,"name":"Shaded","section":"Shading Mode"},"sceneLighting":false,"audioPlay":false,"sceneViewState":{"showFog":true,"showMaterialUpdate":false,"showSkybox":true,"showFlares":true,"showImageEffects":true,"showParticleSystems":true},"in2DMode":false,"pivot":{"x":0.030764222145080568,"y":0.22862108051776887,"z":0.0013389885425567628},"rotation":{"x":-0.07660385221242905,"y":-0.7927554845809937,"z":0.10188080370426178,"w":-0.5960628986358643},"size":2.3204963207244875,"orthographic":false}