{"cameraMode":{"drawMode":0,"name":"Shaded","section":"Shading Mode"},"sceneLighting":false,"audioPlay":false,"sceneViewState":{"showFog":true,"showMaterialUpdate":false,"showSkybox":true,"showFlares":true,"showImageEffects":true,"showParticleSystems":true},"in2DMode":false,"pivot":{"x":96.10909271240235,"y":43.95914077758789,"z":122.06816101074219},"rotation":{"x":0.4612495005130768,"y":-0.001335485023446381,"z":0.0006926650530658662,"w":0.8872691988945007},"size":25.54888153076172,"orthographic":false}