{"cameraMode":{"drawMode":0,"name":"Shaded","section":"Shading Mode"},"sceneLighting":false,"audioPlay":false,"sceneViewState":{"showFog":true,"showMaterialUpdate":false,"showSkybox":true,"showFlares":true,"showImageEffects":true,"showParticleSystems":true},"in2DMode":false,"pivot":{"x":0.0,"y":0.8396667242050171,"z":2.980232238769531e-7},"rotation":{"x":-0.07660385221242905,"y":-0.7927554845809937,"z":0.10188080370426178,"w":-0.5960628986358643},"size":5.251698017120361,"orthographic":false}