{"cameraMode":{"drawMode":0,"name":"Shaded","section":"Shading Mode"},"sceneLighting":true,"audioPlay":false,"sceneViewState":{"showFog":true,"showMaterialUpdate":false,"showSkybox":true,"showFlares":true,"showImageEffects":true,"showParticleSystems":true},"in2DMode":false,"pivot":{"x":159.02613830566407,"y":7.596099853515625,"z":54.098209381103519},"rotation":{"x":0.23192237317562104,"y":0.3059399724006653,"z":-0.0771142840385437,"w":0.9201446771621704},"size":22.0,"orthographic":false}