{"cameraMode":{"drawMode":0,"name":"Shaded","section":"Shading Mode"},"sceneLighting":false,"audioPlay":false,"sceneViewState":{"showFog":true,"showMaterialUpdate":false,"showSkybox":true,"showFlares":true,"showImageEffects":true,"showParticleSystems":true},"in2DMode":false,"pivot":{"x":-179.89605712890626,"y":200.3823699951172,"z":-312.7762145996094},"rotation":{"x":0.05899364873766899,"y":-0.11206938326358795,"z":0.006663769017904997,"w":0.9919252991676331},"size":43.21533966064453,"orthographic":false}