{"cameraMode":{"drawMode":0,"name":"Shaded","section":"Shading Mode"},"sceneLighting":false,"audioPlay":false,"sceneViewState":{"showFog":true,"showMaterialUpdate":false,"showSkybox":true,"showFlares":true,"showImageEffects":true,"showParticleSystems":true},"in2DMode":false,"pivot":{"x":94.41255187988281,"y":43.747032165527347,"z":117.94932556152344},"rotation":{"x":0.14844657480716706,"y":-0.07262038439512253,"z":0.010929780080914498,"w":0.9861898422241211},"size":22.477046966552736,"orthographic":false}