{"cameraMode":{"drawMode":0,"name":"Shaded","section":"Shading Mode"},"sceneLighting":false,"audioPlay":false,"sceneViewState":{"showFog":true,"showMaterialUpdate":false,"showSkybox":true,"showFlares":true,"showImageEffects":true,"showParticleSystems":true},"in2DMode":false,"pivot":{"x":115.98167419433594,"y":44.828548431396487,"z":149.56410217285157},"rotation":{"x":0.18134592473506928,"y":-0.1264762282371521,"z":0.023523705080151559,"w":0.9749687910079956},"size":18.31475067138672,"orthographic":false}