{"cameraMode":{"drawMode":0,"name":"Shaded","section":"Shading Mode"},"sceneLighting":false,"audioPlay":false,"sceneViewState":{"showFog":true,"showMaterialUpdate":false,"showSkybox":true,"showFlares":true,"showImageEffects":true,"showParticleSystems":true},"in2DMode":false,"pivot":{"x":143.02613830566407,"y":65.09609985351563,"z":69.92321014404297},"rotation":{"x":0.18134592473506928,"y":-0.1264762282371521,"z":0.023523705080151559,"w":0.9749687910079956},"size":2.8578836917877199,"orthographic":false}