{"cameraMode":{"drawMode":0,"name":"Shaded","section":"Shading Mode"},"sceneLighting":false,"audioPlay":false,"sceneViewState":{"showFog":true,"showMaterialUpdate":false,"showSkybox":true,"showFlares":true,"showImageEffects":true,"showParticleSystems":true},"in2DMode":false,"pivot":{"x":-0.2774829864501953,"y":0.12428855895996094,"z":-0.67852783203125},"rotation":{"x":0.24378150701522828,"y":-0.6314494609832764,"z":0.21904437243938447,"w":0.7027530074119568},"size":48.33259582519531,"orthographic":false}