{"cameraMode":{"drawMode":0,"name":"Shaded","section":"Shading Mode"},"sceneLighting":true,"audioPlay":false,"sceneViewState":{"showFog":true,"showMaterialUpdate":false,"showSkybox":true,"showFlares":true,"showImageEffects":true,"showParticleSystems":true},"in2DMode":false,"pivot":{"x":110.26971435546875,"y":-24.231796264648439,"z":133.73867797851563},"rotation":{"x":0.4235372841358185,"y":0.013585733249783516,"z":-0.006353435572236776,"w":0.9057545065879822},"size":194.99600219726563,"orthographic":false}