{"cameraMode":{"drawMode":0,"name":"Shaded","section":"Shading Mode"},"sceneLighting":true,"audioPlay":false,"sceneViewState":{"showFog":true,"showMaterialUpdate":false,"showSkybox":true,"showFlares":true,"showImageEffects":true,"showParticleSystems":true},"in2DMode":false,"pivot":{"x":226.73074340820313,"y":49.30105209350586,"z":65.9367904663086},"rotation":{"x":0.26326844096183779,"y":-0.000007103657026164001,"z":5.561619076388524e-8,"w":0.9647226333618164},"size":86.09837341308594,"orthographic":false}